{
  "id": "helianas-items-module",
  "title": "Helianas Items Compendium",
  "description": "Enthaelt ein Kompendium fuer Helianas Koch- und Harvesting-System in D&D5E.",
  "version": "1.0.0",
  "authors": [
    {
      "name": "Heliana",
      "flags": {}
    }
  ],
  "compatibility": {
    "minimum": "13",
    "verified": "13.351",
    "maximum": "13"
  },
  "relationships": {
    "systems": [
      {
        "id": "dnd5e",
        "type": "system",
        "compatibility": {
          "minimum": "5.2.3",
          "verified": "5.2.3"
        }
      }
    ]
  },
  "scripts": [],
  "esmodules": [
    "/esmodules/module.js"
  ],
  "languages": [
    {
      "lang": "en",
      "name": "English",
      "path": "lang/en.json",
      "flags": {}
    }
  ],
  "packs": [
    {
      "name": "helianas-items",
      "label": "Helianas Kochkomponenten",
      "system": "dnd5e",
      "path": "packs/helianas-items.db",
      "type": "Item"
    }
  ],
  "url": "https://github.com/Elzakin/Helianas-Items-Module",
  "manifest": "https://raw.githubusercontent.com/Elzakin/Helianas-Items-Module/main/module.json",
  "download": "https://github.com/Elzakin/Helianas-Items-Module/archive/refs/heads/main.zip",
  "license": "LICENSE.md",
  "flags": {},
  "bugs": "",
  "readme": "README.md"
}